source_db,id,doi,item_type,title,authors,year,abstract,keywords,citedby_count,journal_or_venue,affiliation_country,task,rev_task,Ad_Rob_Imp,Res_Decon,Direct_App
Web of Science,WOS:001741110600001,10.1016/j.rineng.2026.110406,Review,"Construction robotics: a systematic review of robot types, applications and human robot collaborations","Xu, Yifan; Cheung, Clara; Ng, Ming Shan; Kaltungo, Akilu Yunusa; Ishizawa, Tsukasa; Fujimoto, Kota",2026,,"author_keywords=['Construction robotics', 'Human robot collaboration', 'Occupational safety and health', 'Industry 5.0', 'Technology readiness']",,RESULTS IN ENGINEERING,,wos_dec_rob_be,wos_dec_rob_be,0,0,0
Web of Science,WOS:001734074300001,10.1016/j.buildenv.2026.114361,Article,Ten questions concerning digital transformation for a circular built environment,"De Wolf, Catherine; Bendiek-Laranjo, Ana; Blum, Clara; Costalonga, Vanessa; Durand-Maniclas, Oceane; Karsan, Zain; Menny, Thibaut; Onalan, Beril; Schwarzkopf, Vanessa; Silvennoinen, Heidi; Vangelova, Silvia; Windapo, Bayonle",2026,,"author_keywords=['Circular construction', 'Digital material banks', 'Building information workflows', 'Computer vision', 'Robotics for deconstruction', 'AI-assisted design']",,BUILDING AND ENVIRONMENT,,wos_dec_rob_be,wos_dec_rob_be,0,0,0
Web of Science,WOS:001589052000002,10.1016/j.autcon.2025.106548,Article,Automated robotic deconstruction sequence planning from scan-to-BIM data for reinforced concrete structure reuse,"Ostapska, Katarzyna; Hingorani, Ramon; Teclaw, Wojciech; Kaufmann, Fabian; Gradeci, Klodian; Ruther, Petra",2025,,"author_keywords=['Scan-to-BIM', 'Concrete reuse', 'Robotic deconstruction', 'Circular construction']",,AUTOMATION IN CONSTRUCTION,,wos_dec_rob_be,wos_dec_rob_be,0,1,0
Web of Science,WOS:001511230300001,10.1016/j.scs.2025.106522,Article,Autonomous building material stock estimation using 3D modeling and multilayer perceptron,"Li, Qingxiang; Zhao, Benyun; Wang, Xinyi; Yang, Guidong; Chang, Yuyang; Chen, Xi; Chen, Ben M.",2025,,"author_keywords=['Urban mining', '3D reconstruction', 'Machine learning', 'UAV', 'Circular economy']",,SUSTAINABLE CITIES AND SOCIETY,,wos_dec_rob_be,wos_dec_rob_be,0,0,0
Web of Science,WOS:001482413900001,10.1016/j.resconrec.2025.108311,Article,A novel computer vision-based approach for autonomous building facade material stock estimation,"Rajaratnam, Dilakshan; Stewart, Rodney A.; Liu, Tingting; Vieira, Abel Silva",2025,,"author_keywords=['Fa & ccedil;ade', 'Building stock', 'Estimation', 'Computer vision', 'Deep learning', 'Circular economy']",,RESOURCES CONSERVATION AND RECYCLING,,wos_dec_rob_be,wos_dec_rob_be,0,1,0
Web of Science,WOS:001394679100001,10.1016/j.autcon.2024.105947,Article,Digital tool integrations for architectural reuse of salvaged building materials,"Zboinska, Malgorzata A.; Gobel, Frederik",2025,,"author_keywords=['Architectural reuse', 'Salvaged construction materials', 'Digital twins', 'Photogrammetry', 'Robot vision', 'Computer vision', 'Machine learning', 'Robotic fabrication', '3D printing', 'Data-driven toolpath design']",,AUTOMATION IN CONSTRUCTION,,wos_dec_rob_be,wos_dec_rob_be,1,1,0
Web of Science,WOS:001379960700001,10.1111/radm.12744,Article,"Digital Technologies Enabling Component Reuse in Circular Value Chains: Using Digital Twin, Internet of Things and Robots in Construction and Manufacturing Sectors","Thakuri, Prabhat Kiran; Alkki, Lauri; Aarikka-Stenroos, Leena",2025,,"author_keywords=['circular economy', 'component reuse', 'construction industry', 'digitalisation', 'digital twin', 'IoT', 'manufacturing industry', 'robots', 'value chain']",,R & D MANAGEMENT,,wos_dec_rob_be,wos_dec_rob_be,0,0,0
Web of Science,WOS:001255052200070,10.1201/9781003023555-70,Proceedings Paper,Enabling circularity in building construction: Experiments with robotically assembled interlocking structures,"Mangliar, L.; Hudert, M.",2022,,author_keywords=[],,STRUCTURES AND ARCHITECTURE: A VIABLE URBAN PERSPECTIVE?,,wos_dec_rob_be,wos_dec_rob_be,0,0,0
Web of Science,WOS:001691683800019,,Proceedings Paper,Repurposing Material Through Real-Time Point Cloud Reconstruction and Human-Robot Collaboration: Integrating real-time point cloud reconstruction and body detection,"Gong, Yuemin; Li, Yangzhi; Fingrut, Adam",2024,,"author_keywords=['3D Scanning', 'Point Cloud Reconstruction', 'Human', 'Robot Interaction', 'Robotic Construction', 'Kinect Azure DK.']",,"ECAADE 2024 DATA-DRIVEN INTELLIGENCE, VOL 1",,wos_dec_rob_be,wos_dec_rob_be,1,1,0
Web of Science,WOS:000956891300004,10.3167/fcl.2022.012401,Article,The anthropology of infrastructure The boom and the bubble?,"Buier, Natalia",2023,,"author_keywords=['anthropology of infrastructure', 'historical-geographical materialism', 'infrastructure', 'materialism', 'ontology', 'relationality']",,FOCAAL-JOURNAL OF GLOBAL AND HISTORICAL ANTHROPOLOGY,,wos_dec_rob_be,wos_dec_rob_be,0,0,0
Web of Science,WOS:000870223800040,10.1007/978-3-031-13249-0_41,Proceedings Paper,"Redefining Material Efficiency Computational Design, Optimization and Robotic Fabrication Methods for Planar Timber Slabs","Schramm, Kristina; Eppinger, Carl; Rossi, Andrea; Braun, Max; Brieden, Matthias; Seim, Werner; Eversmann, Philipp",2023,,"author_keywords=['Material efficiency', 'Timber construction', 'Material layout', 'Robotic additive manufacturing']",,TOWARDS RADICAL REGENERATION,,wos_dec_rob_be,wos_dec_rob_be,0,0,0
Web of Science,WOS:000670593000005,10.1109/TASE.2021.3069742,Article,Interlocking Block Assembly With Robots,"Zhang, Yinan; Koga, Yotto; Balkcom, Devin",2021,,"author_keywords=['Robots', 'Robotic assembly', 'Layout', 'Shape', 'Robot kinematics', 'Fasteners', 'Buildings', 'Assembly', 'construction', 'interlocking structure', 'manipulation', 'manufacturing', 'material', 'parts handling', 'mechanisms']",,IEEE TRANSACTIONS ON AUTOMATION SCIENCE AND ENGINEERING,,wos_dec_rob_be,wos_dec_rob_be,1,0,0
Web of Science,WOS:000469518700247,10.3390/su11092699,Article,"Integrated BIM-Parametric Workflow-Based Analysis of Daylight Improvement for Sustainable Renovation of an Exemplary Apartment in Seoul, Korea","Amoruso, Fabrizio M.; Dietrich, Udo; Schuetze, Thorsten",2019,,"author_keywords=['daylight analysis', 'visual comfort', 'BIM-parametric refurbishment workflow']",,SUSTAINABILITY,,wos_dec_rob_be,wos_dec_rob_be,0,0,0
Web of Science,WOS:000413022000060,10.1007/978-3-319-49058-8_60,Proceedings Paper,Design of Modular Re-configurable Robotic System for Construction and Digital Fabrication,"Vujovic, Milica; Rodic, Aleksandar; Stevanovic, Ilija",2017,,"author_keywords=['Construction robots', 'Digital fabrication', 'Robotic building cell', 'Modular architecture', 'Reconfigurable structures']",,ADVANCES IN ROBOT DESIGN AND INTELLIGENT CONTROL,,wos_dec_rob_be,wos_dec_rob_be,0,0,0
Web of Science,WOS:000355741200011,10.1002/suco.201400055,Article,Self-repair of thermal cracks in concrete sandwich panels,"Van Tittelboom, Kim; Gruyaert, Elke; De Backer, Pieter; Moerman, Wim; De Belie, Nele",2015,,"author_keywords=['self-healing', 'precast concrete sandwich panel', 'thermal cracks', 'encapsulation', 'polyurethane', 'water-repellent agent', 'building materials', 'construction materials', 'building maintenance', 'refurbishment', 'testing', 'experiments']",,STRUCTURAL CONCRETE,,wos_dec_rob_be,wos_dec_rob_be,0,0,0
Web of Science,WOS:000265056000010,10.3992/jgb.2.4.130,Article,ENVIRONMENTAL ASPECTS OF USE OF ALUMINIUM FOR PREFABRICATED LIGHTWEIGHT HOUSES: DYMAXION HOUSE CASE STUDY,"Mrkonjic, Katarina",2007,,"author_keywords=['prefabrication', 'aluminium', 'durability', 'dematerialization', 'recycling', 'environmental impact']",,JOURNAL OF GREEN BUILDING,,wos_dec_rob_be,wos_dec_rob_be,0,0,0
Web of Science,WOS:A1993LD35800007,10.1016/0094-5765(93)90022-O,Article,AN ALUMINUM SALVAGE STATION FOR EXTERNAL TANKS OF THE SPACE-SHUTTLE,"SPENNY, C; VANMATRE, D; HAISLIP, J; LINSCOTT, R; RAYNES, W; SKINNER, M",1993,,author_keywords=[],,ACTA ASTRONAUTICA,,wos_dec_rob_be,wos_dec_rob_be,1,1,1
IEEE Xplore,10807203,10.1109/ACCESS.2024.3520414,Journals,Technoeconomic Assessment of Electric Vehicle Battery Disassembly-Challenges and Opportunities From a Robotics Perspective,Jamie Hathaway; Cesar Alan Contreras; Mohammed Eesa Asif; Rustam Stolkin; Alireza Rastegarpanah,2025,"The rapid shift towards electric vehicles (EVs) demands effective end-of-life strategies for lithium-ion batteries (LIBs), necessitating examining recycling methodologies, particularly the disassembly process. This study presents a technoeconomic analysis of EV battery disassembly, focusing on incorporating robotics to address challenges and capitalize on opportunities. Based on the case study of the Mitsubishi Outlander PHEV battery pack, we identify the most labor and cost-intensive components and introduce a structured approach to evaluate automating disassembly tasks. Classifying tasks based on their automation potential, we find 57% of pack-to-module (P2M) tasks readily automatable, with an additional 24% requiring minimal human intervention. Incorporating this into an analysis of task feasibility, level of automation and robot time efficiency, we establish a roadmap towards robotizing the disassembly process based on human-robot colllaboration, demonstrating a 12.85% increase in net annual revenue and 43.75% reduction in disassembly cost with current level of task feasibility. Our findings indicate a long-term roadmap towards increasing level of automation, while surmounting feasibility of complex disassembly tasks remains an unsolved challenge.",,8,IEEE Access,"School of Metallurgy and Materials, University of Birmingham, Birmingham, U.K.",iee_dec_rob_be,iee_dec_rob_be,0,0,0
Scopus,2-s2.0-105038221721,10.14062/j.issn.0454-5648.20250765,Review,"Artificial Intelligence for Sustainable Concrete: Methods, Challenges and Opportunities","Jiang, Zhan;Teng, Le;Tong, Xinyang;Cheng, Boyuan;Yuan, Qiang;Long, Wujian;Meng, Weina;Bao, Yi",2026,"© 2026 Chinese Ceramic Society. All rights reserved.Concrete is the most widely used construction material with an annual consumption of about 30 billion tons. However, the production of concrete creates significant environmental problems. Cement is a key binder in concrete, and its production requires burning limestone in high-temperature kilns, which causes approximately 8% of global carbon dioxide emissions. As urbanization and infrastructure construction continue to grow rapidly, the demand for cement and concrete is expected to be increased by 12%–23% by 2050. If we do not develop sustainable alternatives, this will affect a climate change. To address this issue, the industry is increasingly using supplementary cementitious materials, such as fly ash, slag, and calcined clay. In addition, using solid waste like mine tailings and demolition waste also becomes an important strategy. These methods can reduce the use of cement clinkers and keep waste out of landfills, providing both environmental and economic benefits. However, incorporating these diverse materials makes the design process much harder. Conventional design methods rely on experience and trial-and-error experiments. This process is time-consuming, consumes many resources, and cannot fully reflect the complex interactions between different materials. For instance, mixing multiple types of waste materials creates a high-dimensional design space that is hard to manage with simple, linear experiments. Artificial Intelligence (AI) technology offers an effective way to solve these challenges. Machine learning models can accurately predict key properties of concrete, such as fresh properties, mechanical strength, and durability, based on the historical experimental data. This review systematically summarizes AI techniques for sustainable concrete. The research moves from simple data mapping to more intelligent systems. Initially, some classic models like artificial neural networks and support vector machines are used. These models act as a map between the ingredients (inputs) and the performance (outputs). They can be used for capturing non-linear relationships that conventional equations cannot obtain. For instance, models like XGBoost and Random Forest can predict compressive strength and chloride resistance with a high accuracy, even when using relatively small datasets. These models are often used in a design loop, i.e., predicting performance and using optimization algorithms to adjust the mixture, balancing high strength with lower cost and reduced carbon emissions. However, conventional AI models have a major problem, i.e., they are often ""black boxes"". This means engineers cannot see how the model makes decisions, leading to a lack of trust in safety-critical projects. Also, these models depend heavily on data quality, and the existing datasets in concrete science are often small, inconsistent, or lack standard formatting. To fix this issue, the focus is shifting to advanced AI models. This review highlights three key improvements. First, data augmentation techniques, such as generative adversarial networks, are used to create synthetic data. This can solve the problem of small datasets via learning the patterns of real data and generating new, realistic samples. Second, explainable AI is used to open the ""black box"". Methods like SHAP analysis can show exactly how much each ingredient contributes to the final strength, making the results easier to understand and verify. Third, knowledge-guided learning combines data with physical laws. AI models can follow scientific principles via adding physical constraints (like diffusion laws) or using Knowledge Graphs, making them more reliable and scientifically correct compared to pure data-driven models. Summary and Prospects This review concludes that AI makes a great progress in predicting performance and optimizing mixtures, while there are still some challenges before it is widely used in real engineering. The main challenges include the lack of high-quality open datasets, the poor ability of models to work on new materials (generalization), and the need for better trust and interpretability. Future research needs to move from static predictions to autonomous systems. In the future, an AI-driven autonomous system can be used for sustainable concrete. This involves building a cyber-physical system. In this system, sensors collect real-time data during concrete production. AI models can analyze the data and automatically adjust the mixture proportions to ensure consistent quality. This allows for adaptive manufacturing, reducing waste and ensuring that the concrete meets the design requirements. Furthermore, Digital Twin technology can extend this to the entire life of the structure. A digital twin is a virtual copy of the physical infrastructure. It can update itself using sensor data to monitor the health of the structure and calculate its carbon footprint in real time. This can favor to make better decisions about maintenance and repair, extending the service life of the infrastructure. Finally, we need to focus on five priorities, i.e., creating open benchmark datasets for fair comparison; developing physics-informed AI that combines data with expert knowledge; advancing multi-objective optimization to balance performance, cost, and carbon; building cyber-physical systems and digital twins; and establishing standards and training programs. AI should not replace human experts. Instead, it should act as an intelligent assistant, helping engineers to design greener and more durable concrete. This human-AI collaboration is a key to achieving a carbon-neutral built environment in the future.",concrete; cyber-physical system; digital twin; explainable artificial intelligence; multi-objective optimization; trustworthy machine learning; waste valorization,0,Kuei Suan Jen Hsueh Pao Journal of the Chinese Ceramic Society,China;China;China;United States,sco_dec_rob_be,sco_dec_rob_be,0,0,0
Scopus,2-s2.0-105015948045,10.1016/j.wasman.2025.115123,Article,Enhancing sorting efficiency in cluttered construction and demolition waste streams via boundary-guided grasp detection,"Prasad, Vineet;Arashpour, Mehrdad",2025,"© 2025 The Author(s)Robotic automation is instrumental in the valorization of construction and demolition waste (CDW), facilitating scalable and efficient material recovery in response to rising waste volumes from accelerated urban development. AI-driven computer vision (CV) has advanced perception-focused tasks in CDW processing, such as classification, object detection, and segmentation. However, the subsequent action-focused task of robotic CDW grasp detection remains underexplored. Identifying optimal, collision-free gripper poses for CDW recyclables is particularly challenging in cluttered environments and is further limited by the need for large amounts of grasp-annotated training data. This paper therefore presents a robust CDW grasp detection method that leverages boundary features of CDW objects to guide grasp predictions via attentional feature fusion. Our approach builds upon recent advances in shape-aware CDW instance segmentation and takes advantage of the growing availability of high-quality segmentation data, enabled by automated labelling techniques using large language models (LLMs). To address the shortage of publicly available grasp-annotated CDW data, we also introduce ReCoDeWaste; the first RGB-D CDW instance segmentation and grasp detection dataset tailored for off-site AI-based sorting training and evaluation. Designed to capture the compositional complexity of CDW, ReCoDeWaste contains over 100,000 annotated waste object instances across diverse cluttered scenes. Experimental results demonstrate that our boundary-guided grasp detection model predicts collision-free grasps for detected recyclables in these cluttered streams, outperforming state-of-the-art methods in standard evaluation metrics and achieving up to 94.36% grasp detection accuracy. This research serves to enhance CDW valorization by transitioning efforts to action-focused CV tasks that go beyond recognition and classification.",AI-Driven Sorting; Construction and Demolition Waste; Grasp Detection; Instance Segmentation; Sorting Automation,0,Waste Management,Australia,sco_dec_rob_be,sco_dec_rob_be,1,1,0
Scopus,2-s2.0-105005004799,10.1016/j.autcon.2025.106275,Article,Hybrid data generation and deep learning for GPR-based reconstruction of robotic-built underground structures,"Wu, Haibing;Sheil, Brian",2025,"© 2024There is substantial potential for future underground construction operations to be performed by autonomous robots. This paper proposes a 360-degree digital reconstruction framework for robotic-built underground structures using in-pipe rotating ground penetrating radar (GPR). Unlike conventional ground-level applications, placing GPR inside pipes significantly reduces signal attenuation by shortening the distance to the target, enhancing imaging accuracy. To overcome limited data, this paper proposes a high-fidelity in-pipe GPR generator that combines calibrated synthetic data with real-world pipe reflections, clutter, and random noises. Besides, a ‘stochastic-ellipse-union’ method models robot-constructed structures mathematically, ensuring dataset diversity. Moreover, a optimized 2D digital antenna model, calibrated to 97 % accuracy using a genetic algorithm, reduces radargram generation time by 99.2 % compared to traditional 3D methods. Benchmark tests among seven DL models identified ResNet101-enhanced U-Net as optimal, achieving an intersection-over-union score of 0.937, proving the effectiveness of the framework in reconstructing robotic-built underground structures.",Deep learning; Digital reconstruction; Ground penetrating radar; Robotic injection,0,Automation in Construction,United Kingdom,sco_dec_rob_be,sco_dec_rob_be,0,0,0
Scopus,2-s2.0-85209351660,10.1177/0734242X241290743,Article,Developing WasteSAM: A novel approach for accurate construction waste image segmentation to facilitate efficient recycling,"Heo, Seokjae;Na, Seunguk",2025,"© The Author(s) 2024The escalating volume of construction activities and resultant waste generation underscores the imperative for developing sophisticated segmentation models to facilitate efficient sorting and recycling processes. This study introduces WasteSAM, an enhanced iteration of the segment anything model (SAM), specifically tailored to address the intricate complexities inherent in construction waste imagery. Drawing upon a comprehensive dataset comprising over 15,000 masks representing five distinct categories of construction materials, WasteSAM exhibits notably superior segmentation capabilities. Quantitative analysis demonstrates significant performance improvements, with WasteSAM outperforming the original SAM model by an average of 23.9% in dice similarity coefficient and 30.0% in normalized surface distance metrics. The integration of stereo-image techniques in refining the training dataset has facilitated WasteSAM in more accurately discerning the three-dimensional structure of waste materials, thereby augmenting the precision of waste classification. Noteworthy is the model’s adeptness in handling intricate textures and patterns across diverse imaging modalities, including varying lighting conditions and complex object interactions. While showing promising results, this study also highlights the need for high-quality, diverse datasets that reflect real-world construction site complexities, rather than merely larger datasets.",artificial intelligence; recycling automation; robotic construction; segmentation metrics; Waste segmentation; WasteSAM,2,Waste Management and Research,South Korea,sco_dec_rob_be,sco_dec_rob_be,0,0,0
Scopus,2-s2.0-105023477273,10.52842/conf.caadria.2025.3.467,Conference Paper,Multi-Robotic System for Welded Steel Disassembly,"Karsan, Zain;Dillenburger, Benjamin;De Wolf, Catherine",2025,"© 2025 and published by the Association for Computer-Aided Architectural Design Research in Asia (CAADRIA), Hong Kong.Material reuse is an important strategy in reducing the embodied carbon of future construction. However, reuse is challenged by the complexity and cost of careful disassembly. While robotic automation of on-site tasks such as worksite monitoring, plaster finishing or excavation are becoming more commonplace, disassembly automation is still confined to factory work cells. Therefore, we propose the use of a multi-robotic system for on-site disassembly operations. Our system involves two robots that work in conjunction to remove structural steel elements from a welded assembly. We design and build a crane mounted robot for lifting and work-holding, which works alongside a conventional industrial robot outfitted with a plasma cutting torch. To perform disassembly tasks, we develop a workflow involving scene reconstruction of RGB-D data, collision-aware path planning and a user interface to coordinate the actions of the crane mounted robot. We test our setup on the disassembly of a beam from a prototypical structure and compare our operation time with observations from a case study in practice. We demonstrate reductions in cutting and removal time and show that robotic automation of construction tools could support more efficient building disassembly, making material reuse a more feasible reality.",Circular Economy; Disassembly Automation; Multi-Robotic Systems; Steel Reuse,1,Proceedings of the International Conference on Computer Aided Architectural Design Research in Asia,Switzerland,sco_dec_rob_be,sco_dec_rob_be,1,1,1
Scopus,2-s2.0-105016566837,10.22260/ISARC2025/0018,Conference Paper,BIM-Driven Robotic Disassembly for Resource Recovery in End-of-Life Buildings,"Kim, Jeehoon;Rausch, Christopher",2025,"© 2025 Proceedings of the International Symposium on Automation and Robotics in Construction. All rights reserved.Deconstruction for resource recovery offers a sustainable alternative to traditional demolition practices. However, deconstruction remains labor-intensive and time-consuming compared to demolition of buildings. This study proposes a novel framework that integrates Building Information Modeling (BIM) with robotic systems to automate the recovery of building components. The BIM file is converted into a robot simulation environment, enabling precise disassembly planning by providing location and size information of recoverable resources. A case study on a BIM model of an exposed interior residential wall assembly unit demonstrates the methodology’s effectiveness in automating resource recovery of end-of-life building components. The results validate the potential of the proposed framework to reduce manual labor and contribute to the circular economy of the building construction sector.",Building Construction; Building Information Modeling; Circular Economy; Deconstruction; Resource Recovery; Robotic Disassembly; Sustainable Construction,0,Proceedings of the International Symposium on Automation and Robotics in Construction,United States,sco_dec_rob_be,sco_dec_rob_be,1,1,1
Scopus,2-s2.0-85206177351,10.1016/j.jobe.2024.110965,Article,"Reusable timber modular buildings, material circularity and automation: The role of inter-locking connections","Li, Zhengyao;Tsavdaridis, Konstantinos Daniel;Katenbayeva, Assel",2024,"© 2024 The AuthorsAs sustainability becomes a central concern in construction, the industry witnesses a significant surge in the adoption of material circularity principles, reflecting a new approach to resource management. Although mass timber construction holds significant potential for end-of-life (EoL) material circularity due to its natural materials and prefabrication, conventional connection systems hinder material reuse. Integrating interlocking techniques into modular construction could enhance circularity and enable future autonomous construction. This paper summarises design-for-reuse (DfR) strategies focusing on connection design for rapid assembly and disassembly of Cross-Laminated Timber (CLT) modules. These strategies can promote innovative connections with enhanced material circularity, which were illustrated through a recently proposed conceptual interlocking connections (MOD-IT). Additionally, a comparative cradle-to-cradle Life Cycle Assessment (LCA) evaluates the environmental impact and circularity potential of timber modular buildings using this connection system. The study underscores the pivotal role of strategic connection design in achieving a closed-loop system in timber construction. This advancement fosters sustainability by improving efficiency, adaptability, reusability, and autonomy in the construction process.",Autonomous construction; Circular economy; Interlocking connections; Material circularity; Reuse,6,Journal of Building Engineering,United Kingdom;United Kingdom,sco_dec_rob_be,sco_dec_rob_be,0,0,0
Scopus,2-s2.0-85204759275,10.1201/9781032686899-4,Book Chapter,Sustainable construction technologies: A way forward,"Kirupakaran, Keerthana",2024,"© 2025 selection and editorial matter, Sreevalsa Kolathayar, N Vinod Chandra Menon and Sreekeshava K S. All rights reserved.The construction industry is one of the major contributors to global warming. Concrete, the most widely used construction material in the world, is grey, both literally and metaphorically. About 10% percent of total CO2 emissions can be traced back to cement production, which is the primary ingredient of concrete. The total carbon emissions from the construction industry can be categorized into embodied and operational carbon. Embodied carbon arises from production, transportation, construction, and demolition, while operational carbon encapsulates all the energy sources used to keep the building functional. Several innovative technologies are emerging to reduce embodied and operational carbon emissions and to promote environmental sustainability in the construction industry. However, to truly evaluate the sustainability potential of emerging technologies, it is important to perform a life-cycle assessment of a structure from cradle to grave. This chapter serves as a review of various sustainable construction materials and technologies, including supplementary cementitious materials, textile- and fibre-reinforced concrete, effective utilization of construction and demolition waste, concrete 3D printing, the role of artificial intelligence (AI), robotics, and automation in construction. Finally, the significance of standards and policies in the implementation of sustainable technologies is elaborated as a way forward to attain sustainability in the construction industry.",,2,Civil Engineering Innovations for Sustainable Communities with Net Zero Targets,India,sco_dec_rob_be,sco_dec_rob_be,0,0,0
Scopus,2-s2.0-85196000931,10.1111/jiec.13503,Article,Circular (de)construction matchmaking: A matter of space and time,"Yu, Yifei;van den Berg, Marc;Yazan, Devrim Murat",2024,"© 2024 The Authors. Journal of Industrial Ecology published by Wiley Periodicals LLC on behalf of International Society for Industrial Ecology.Industrial symbiosis (IS) facilitates the transition toward a circular built environment. Following IS principles, multiple buildings can be symbiotically linked via closed-loop material flows beyond the boundaries of individual projects. However, there are few IS matchmaking methods that support the identification of IS opportunities among multiple deconstruction and construction projects. This research develops an agent-based model to fill this gap. The agent architecture is designed based on the concept of shearing layers. Circularity hubs are proposed to support IS matchmaking by allowing larger transportation ranges and keeping IS requests active for longer periods. The model's applicability is demonstrated through an industrial–urban symbiosis case in Enschede, the Netherlands. The model simulates the spatial–temporal dynamics of IS matchmaking as an emergent phenomenon under future scenarios. The results show operational evidence of IS matchmaking via the strategic implementation of circularity hubs. Overall, this research provides a new methodological perspective to explore the circularity in the built environment at scale.",agent-based modeling; circular economy; circularity hubs; dynamic matchmaking; industrial ecology; industrial–urban symbiosis,3,Journal of Industrial Ecology,Netherlands,sco_dec_rob_be,sco_dec_rob_be,0,0,0
Scopus,2-s2.0-105025348858,10.1061/9780784486122.018,Conference Paper,Enhancing the Storage Assignment Process of Deconstructed Equipment for Reuse with Agent-Based Simulation,"Suh, Seungah;Faust, Kasey M.;Rausch, Christopher",2024,"© ASCE.Reuse of building components, particularly deconstructed equipment (e.g., transformers, pumps, light fixtures, and networking systems), has gained increasing attention due to its environmental and economic benefits. However, a large number of equipment is often landfilled because mapping their next destinations for reuse is complex to perform manually. These processes for mapping are not currently automated or supported by technology. This study aims to assist site managers in understanding the storage assignment process of deconstructed equipment to warehouses, the interim storage for reuse, through an agent-based simulation model to support increasing reuse rates. Simulations are conducted for the equipment inventory of three deconstruction sites to assess the impact of deconstruction schedule distribution, initial storage capacity, and relocation time from a warehouse to the final destination on the final reuse rates. The results demonstrate the necessity of inter-site-level deconstruction schedule coordination, providing decision-makers practical insights to strategically plan reuse in the construction industry.",,0,Computing in Civil Engineering 2024 Building Information Modeling Digital Twins and Simulation and Visualization Selected Papers from the ASCE International Conference on Computing in Civil Engineering 2024,United States,sco_dec_rob_be,sco_dec_rob_be,0,0,0
Scopus,2-s2.0-85119039193,10.1016/j.wasman.2021.10.036,Article,Cost-benefit analysis of demolition waste management via agent-based modelling: A case study in Shenzhen,"Ding, Zhikun;Cao, Xiaoyan;Wang, Yifei;Wu, Huanyu;Zuo, Jian;Zillante, George",2022,"© 2021 Elsevier LtdThe economic instrument is an effective approach to encourage demolition contractors to conduct low-impact waste management. It is essential for project managers and decision-makers to better understand the cost-benefit of demolition waste (DW) management, to promote development of an effective waste management plan. This study explores the interactive dynamics and adaptive nature between stakeholders, where the cost-benefit of DW management is analysed through the agent-based modelling approach. Shenzhen, a leading city in China in the management of DW, was selected as the study area. It was revealed that if the traditional demolition method is adopted as the primary choice, the net benefit of demolition of buildings in the study case will reach −131.4 billion yuan, i.e. the cost will surpass the revenue. If the selective demolition method is widely used by demolition contractors, simulation results indicate that the net benefit will reach 33.3 billion yuan, an increase of 125.34%, compared to the situation in which the traditional demolition method is widely implemented. Based on the simulation, an optimal management framework for DW management stakeholders was constructed. The research results can provide a decision-making basis for the government and relevant departments to formulate DW management measures.",Agent-based modelling; Cost-benefit analysis; Demolition waste management; Selective demolition,28,Waste Management,Australia;China;China,sco_dec_rob_be,sco_dec_rob_be,0,0,0
Scopus,2-s2.0-85104305811,10.1016/j.wasman.2021.03.056,Article,Simulation analysis of implementation effects of construction and demolition waste disposal policies,"Wang, Haizi;Pan, Xinming;Zhang, Shibin;Zhang, Pengfei",2021,"© 2021 Elsevier LtdUrban development generates large amounts of construction and demolition waste, and the enactment of various policies is an important way to increase resource efficiency. It is urgent to analyse the choices and effects of construction and demolition waste disposal policies around the world. This study analyses and compares the implementation effects of various construction and demolition waste disposal policies and provides suggestions on the selection and formulation of different disposal method policies. A BP neural network and an agent-based model are used to construct a simulation model for the implementation effects of construction and demolition waste disposal policies. The average acceptance willingness is analysed for the three disposal methods of reduction, reuse and recycling under the different policies based on questionnaire survey data. Simulation results show that the implementation effect of the incentive policy as a single policy is superior, and the comprehensive implementation effect of the guidance-incentive-mandatory policy as a combined policy is superior. The implementation effect of combined policies is better than that of single policies. The policies suitable for different disposal methods are inconsistent. Information interaction can effectively improve the implementation effects of different construction and demolition waste disposal policies, especially for single policies. This study innovatively compares the various construction and demolition waste disposal policies and explain the interaction during their implementation. The findings can help the government formulate policies at different stages of construction and demolition waste management and provide a new approach to policy simulation research.",3R principle; Agent-based model; BP neural network; Construction and demolition waste; Policy simulation,39,Waste Management,China;China,sco_dec_rob_be,sco_dec_rob_be,0,0,0
Scopus,2-s2.0-85095605510,10.1016/j.jclepro.2020.124897,Article,An agent-based model approach for urban demolition waste quantification and a management framework for stakeholders,"Ding, Zhikun;Liu, Rongsheng;Wang, Yifei;Tam, Vivian WY;Ma, Mingxue",2021,"© 2020 Elsevier LtdAlong with the rapid growth in construction industry, quantity of construction and demolition (C&D) waste has increased significantly in recent decades. Demolition waste (DW) is identified as one significant stream of C&D waste and it is vital to obtain reliable information of the waste quantity. However, the data of C&D waste generation in China is still insufficient. In this study, an agent-based model is developed to estimate the total volume of DW and the amount of DW generated at each stage of waste disposal in Shenzhen, China. The findings present the greater capacity of deconstruction method in reduction of DW generation than conventional demolition method. In addition, the change from conventional demolition to deconstruction method could bring about a dramatic difference in the amount of construction material saving. However, the results present that change of attitude towards the demolition method is a slow process, which explains the unsatisfactory performance of demolition waste management (DWM) in Shenzhen. Relying on the attitude change of demolition companies is not enough to improve the performance of DWM. Related stakeholders should pay additional attention on DWM. Furthermore, an optimized management framework with involvement of related stakeholders is developed in this study.",Agent-based modelling; Construction and demolition waste; Demolition waste; Demolition waste management,34,Journal of Cleaner Production,China;Australia;China,sco_dec_rob_be,sco_dec_rob_be,0,0,0
Scopus,2-s2.0-85067122075,10.1109/MSPEC.2019.8727140,Review,Deconstructing the construction industry-[Opinion],,2019,"© 2019 IEEE.THE CONSTRUCTION INDUSTRY can be a mess. When constructing any building, there are several steps you must take in a specific order, so a snag in one step tends to snowball into more problems down the line. You can't start on drywall until the plumbers and electricians complete their work, for example, and if the drywall folks are behind, the crew working on the interior finish gets delayed even more. • Developers and general contractors hope that by adopting Internet of Things (IoT) solutions to cut costs, build faster, and use a limited labor pool more efficiently, they can turn the messy, fragmented world of building construction into something more closely resembling what it actually is-A manufacturing process. • 'We're looking at the most fragmented and nonstructured process ever, but it is still a manufacturing process,' says Meirav Oren, the CEO of Versatile Natures, an Israeli company that provides on-site data-collection technology to construction sites. The more you understand the process, says Oren, the better you are at automating it. In other conversations I've had with people in the construction sector, the focus isn't on prefabricated housing or cool bricklaying robots. The focus is on turning construction into a regimented process that can be better understood and optimized. • Like agriculture-which has undergone its own revolution, thanks to connected tech-construction is labor intensive, dependent on environmental factors, and highly regulated. In farming today, lidar identifies insects while robots pick weeds with the aid of computer vision. The goal in agricultural tech is to make workers more efficient, rather than eliminating them. Construction technology startups, using artificial intelligence and the IoT, have a similar goal.",,1,IEEE Spectrum,,sco_dec_rob_be,sco_dec_rob_be,0,0,0
Scopus,2-s2.0-105026823183,10.11834/jig.180560,Article,Multimodal deep neural network for construction waste object segmentation,"Zhang, Jianhua;Chen, Jiawei;Zhang, Shaobo;Guo, Jianshuang;Liu, Sheng",2019,"©中国图象图形学报版权所有Objective Construction waste is no longer useless nowadays. It has become an excellent economic development 3 mode to protect the environment by recycling waste generated during construction and converting it into resources and energy. The current situation of construction waste in China has become increasingly severe. With the development of urbanization, old buildings have been demolished, rebuilt, and or replaced by skyscrapers. Moreover, once-inhabited areas have been gradually transformed into cities with ever expanding sizes. These cities develop quickly but entail serious hidden dangers. Construction waste generated by numerous construction work sites have become difficult to ignore. Urban construction. waste refers to all kinds of construction waste generated during the construction, transformation, decoration, demolition, and laying of various buildings and structures and their auxiliary facilities. It mainly includes muck, waste concrete, waste brick, waste pipe, and waste wood. According to statistics, the amount of construction building waste in China now accounts for 30% to 40% of the total amount of municipal waste. In the next 10 years, China will produce more than 1.5 billion tons of construction waste per year on the average. By 2020, construction waste will reach 2.6 billion tons; by 2030, it will reach 7.3 billion tons. Resource utilization and recycling are inevitable options for dealing with construction waste in buildings. To deal with construction waste in buildings effectively, one can start from its characteristics. Construction waste is a mixture of various building material wastes, which are actually unutilized resources. In the 1990s, several communities in California first launched a single-stream recycling project, which referred to the mixture of all paper products, plastics, glass, metal, and other wastes. The mixture was separated into single items by a sorting system. In the sorting system, waste was mainly processed by a combination of hardware equipment and manpower. The system was not fully automated and relied mainly on human recycling; thus, it was inefficient. This attempt was meaningful because it let people understand the feasibility of recycling waste. Many construction wastes, such as waste bricks, waste rock, and scrap steel, can be recycled after being sorted, rejected, or crushed. However, systems, such as a single-stream recycling project, cannot handle substantial construction waste. Owing to the development of artificial intelligence technology, the use of intelligent robotic equipment in the field of construction waste recycling can greatly improve the capability, efficiency, and safety of recycling. Among these equipment, the robotic arm is the most widely used automated mechanical device in the industrial field. It can quickly grasp objects and work continuously. The emergence of robotic arms provides a new and efficient solution for the automatic sorting of construction waste in buildings. The use of robotic arms to sort construction waste is a revolutionary innovation for the construction waste treatment industry. The position and contour information of the object are indispensable to the robotic arm grabbing task. The application of computer image segmentation algorithms in this scene is undoubtedly suitable. Through image segmentation algorithms, a construction waste image can be accurately segmented to obtain the position and contour of each object. Combining robotic arms and image segmentation algorithms to achieve efficient construction waste recovery is worth exploring. However, segmentation of construction waste objects from construction waste images obtained via segmentation algorithms is difficult due to the characteristics of industrial sites and construction waste objects. With regard to the difficulty of object segmentation in construction waste images, this study proposes a construction waste object segmentation method based on a multimodal information deep neural network to solve the image segmentation problem and provides accurate construction waste object contour and category information for the construction waste automatic sorting system. Therefore, the system can realize automatic grabbing using a robot arm. Method First, in scenes with severe color degradation, feature learning with RGB images alone does not meet actual needs. Therefore, training the salient features with depth information is necessary. Second, we treat the RGB image and the corresponding depth image as the input of the deep convolutional neural network. The deep convolutional neural network is used to perform high dimensional feature learning, and the feature maps obtained from the convolutional layers of the last layer are weighted and summed then fed as input data of the SoftMax classifier. Finally, we obtain the label allocation probability of each pixel. On the basis of the probability that each pixel belongs to a category, we construct a multi-label, fully connected, conditional random field. The unary energy term treats each pixel as an independent item without considering the relationship between pixels. The binary energy term represents the relationship among pixels. Thus, similar pixels are divided into the same category, and pixels with large differences between each other are assigned to different categories, which makes the segmented edges smooth. We are thus able to obtain accurate segmentation results. Therefore, according to the actual situation, we propose an energy function suitable for construction waste objects. The global optimal solution is obtained by minimizing the energy function to segment the object in the image, thereby generating an independent segmentation block for each type of construction waste object. Finally, fine segmentation of local ambiguous regions is performed according to the depth gradient information. Ambiguous areas refer to the adhesion areas between construction waste objects that are difficult to distinguish due to the degradation of visual characteristics. The depth gradient information is used to obtain the local depth edge map, from which the local ambiguity area is extracted. For the local ambiguity area, the algorithm extracts the effective internal edge to segment the adhesion objects belonging to the same class. Result In the construction waste image test set, our method achieves 90.02% mean pixel accuracy and 89.03% mean intersection over union. Compared with several excellent semantic segmentation algorithms, the experimental results show that the proposed method performs better and improves segmentation accuracy. Conclusion The algorithm proposed in this study can effectively segment and classify most construction waste objects simultaneously and can provide accurate contour and classification information of the construction waste object to a construction waste automatic sorting system so as to facilitate the automatic grasping of construction waste by robotic arms.",conditional random; construction waste object segmentation; convolutional neural network; depth gradient; multimodal information,1,Journal of Image and Graphics,China,sco_dec_rob_be,sco_dec_rob_be,0,0,0
Scopus,2-s2.0-79960736378,10.1163/016918611X579484,Article,Ceiling beam screw removal using a robotic manipulator,"Biggs, Geoffrey;Kotoku, Tetsuo;Tanikawa, Tamio",2011,"The decreasing availability of skilled labor has led to the desire for supplementing workers with robot assistants that can reduce their workload. The Japanese government has undertaken a project to reduce the time and effort required to demolish a building interior by developing robot assistants that can perform the more physically demanding tasks. These include a robot to assist in removing ceiling-mounted equipment and a robot that uses a novel water-jet approach to cut down suspended ceiling tiles. Within this project, a missing component is the removal of the screws from the suspended ceiling beams. This is a physically demanding task, but also repetitive and so suitable for automation. This paper describes a robot to perform the task of removing the screws from the suspended ceiling beams. The robot uses a specially designed tool mounted at the end of an arm. This tool removes screws by turning them between two rollers. The tool is moved down the beam in a single motion, allowing it to remove many screws fast with little operator interaction. RT-Middleware is used as the implementation architecture. © 2011 Koninklijke Brill NV, Leiden.",Construction robotics; demolition robotics; robot control; RT-Middleware; software architecture,1,Advanced Robotics,Japan,sco_dec_rob_be,sco_dec_rob_be,1,1,1
Scopus,2-s2.0-85072450088,10.4271/920942,Conference Paper,Coating removal systems-mobile or fixed?,"Mangold, Vernon L.",1992,"Automation in the aircraft industry is unique with respect to the overall application size and the intrinsic quality of the processes required. Aircraft systems are typically large when compared with conventional commercial and industrial products and composed of materials and subassemblies that, while not fragile, do require special care and consideration when automating their respective manufacturing processes. Automation has been applied in a host of diverse aircraft product areas, ranging from robotic turbine blade manufacture to automatic composite manufacturing work cells. In each case, aerospace automation differs from conventional, commercial product automation in the following significant areas: The production volume is typically low; batch sizes may often be as small as one unit per batch. The manufacturing processes aregoverned by an assortment of government and industry regulations that can be exacting in their requirements. Due to the service nature of the aircraft product or the construction materials utilized, processes required for manufacture may be corrosive to the external environment. Aircraft products tend to be large and difficult to handle when compared to conventional commercial products. All existing automation opportunities in the aerospace arena must be analyzed carefully to insure that the needs of efficiency and quality can be met in a cost effective, environmentally conscious manner. One category of aircraft automation applications consists of the external preparation of the skin surfaces. These preparation processes include the prime manufacturing processes (procedures utilized in manufacturing the aircraft in its original condition) and remanufacturing processes which are similar to prime manufacturing processes with significant differences. The basic skin processes that are potential candidates for automation through robotic and flexible automation means are: Scotchbrite (prime, reman.) Rinsing (prime, reman.) Coating (prime, reman.) Polishing (prime, reman.) Coating removal (reman.) In addition to these manufacturing processes, a number of ancillary processes can be performed to the external skin surface of an aircraft system by automated means: Non-destructive testing Deicing Washing In each case, the technical requirements of the automation system are driven by the aircraft product size and the condition or durability of the aircraft skin surface involved. For instance, an aircraft application involving the cleaning of a jet fighter system has significantly different requirements than for the coating removal application requirements for a large cargo aircraft. With specific reference to coating removal applications, the automation application is driven by certain specific parameters such as: Aircraft product size Aircraft skin structure materials Support superstructure beneath skin Skin coating type Coating removal environment The technical solution for accomplishing the task of coating removal has two principal dilemmas: type of process selected and process delivery means. The two problems are separate, but at times related. A coating removal process may be well suited for some forms of delivery systems but inappropriate for others. A delivery system having the requisite level of flexibility to accomplish the complex, tedious task of end effector positioning within a proper, normal, or specified angle to the aircraft skin may not be process-immune. These considerations must be weighed heavily in the analysis of the proper solution for the surface preparation application. A generic mobile solution to surface preparation may be applied to a variety of aircraft applications. A closer analysis of the specifics of utilizing mobile automation for the process of aircraft coating removal will demonstrate its efficacy and utility. © Copyright 1992 Society of Automotive Engineers, Inc.",,0,SAE Technical Papers,,sco_dec_rob_be,sco_dec_rob_be,0,1,1
